code,name,hex,r,g,b,discontinued,base,shade,block,buildable,caveat
4,Grass (low),#597D27,89,125,39,false,1,0,minecraft:grass_block,true,
5,Grass (level),#6D9930,109,153,48,false,1,1,minecraft:grass_block,true,
6,Grass (high),#7FB238,127,178,56,false,1,2,minecraft:grass_block,true,
7,Grass (water depth),#435E1D,67,94,29,false,1,3,minecraft:grass_block,false,
8,Sand (low),#AEA473,174,164,115,false,2,0,minecraft:sandstone,true,Sand itself falls; sandstone gives the same colour and stays put.
9,Sand (level),#D5C98C,213,201,140,false,2,1,minecraft:sandstone,true,Sand itself falls; sandstone gives the same colour and stays put.
10,Sand (high),#F7E9A3,247,233,163,false,2,2,minecraft:sandstone,true,Sand itself falls; sandstone gives the same colour and stays put.
11,Sand (water depth),#827B56,130,123,86,false,2,3,minecraft:sandstone,false,Sand itself falls; sandstone gives the same colour and stays put.
12,Wool (low),#8C8C8C,140,140,140,false,3,0,minecraft:white_wool,true,Wool is flammable — keep it away from lava and fire.
13,Wool (level),#ABABAB,171,171,171,false,3,1,minecraft:white_wool,true,Wool is flammable — keep it away from lava and fire.
14,Wool (high),#C7C7C7,199,199,199,false,3,2,minecraft:white_wool,true,Wool is flammable — keep it away from lava and fire.
15,Wool (water depth),#696969,105,105,105,false,3,3,minecraft:white_wool,false,Wool is flammable — keep it away from lava and fire.
16,Fire (low),#B40000,180,0,0,false,4,0,minecraft:redstone_block,true,
17,Fire (level),#DC0000,220,0,0,false,4,1,minecraft:redstone_block,true,
18,Fire (high),#FF0000,255,0,0,false,4,2,minecraft:redstone_block,true,
19,Fire (water depth),#870000,135,0,0,false,4,3,minecraft:redstone_block,false,
20,Ice (low),#7070B4,112,112,180,false,5,0,minecraft:packed_ice,true,
21,Ice (level),#8A8ADC,138,138,220,false,5,1,minecraft:packed_ice,true,
22,Ice (high),#A0A0FF,160,160,255,false,5,2,minecraft:packed_ice,true,
23,Ice (water depth),#545487,84,84,135,false,5,3,minecraft:packed_ice,false,
24,Metal (low),#757575,117,117,117,false,6,0,minecraft:iron_block,true,
25,Metal (level),#909090,144,144,144,false,6,1,minecraft:iron_block,true,
26,Metal (high),#A7A7A7,167,167,167,false,6,2,minecraft:iron_block,true,
27,Metal (water depth),#585858,88,88,88,false,6,3,minecraft:iron_block,false,
28,Plant (low),#005700,0,87,0,false,7,0,minecraft:oak_leaves,true,Leaves decay without a nearby log unless placed with persistent=true.
29,Plant (level),#006A00,0,106,0,false,7,1,minecraft:oak_leaves,true,Leaves decay without a nearby log unless placed with persistent=true.
30,Plant (high),#007C00,0,124,0,false,7,2,minecraft:oak_leaves,true,Leaves decay without a nearby log unless placed with persistent=true.
31,Plant (water depth),#004100,0,65,0,false,7,3,minecraft:oak_leaves,false,Leaves decay without a nearby log unless placed with persistent=true.
32,Snow (low),#B4B4B4,180,180,180,false,8,0,minecraft:white_concrete,true,
33,Snow (level),#DCDCDC,220,220,220,false,8,1,minecraft:white_concrete,true,
34,Snow (high),#FFFFFF,255,255,255,false,8,2,minecraft:white_concrete,true,
35,Snow (water depth),#878787,135,135,135,false,8,3,minecraft:white_concrete,false,
36,Clay (low),#737681,115,118,129,false,9,0,minecraft:clay,true,
37,Clay (level),#8D909E,141,144,158,false,9,1,minecraft:clay,true,
38,Clay (high),#A4A8B8,164,168,184,false,9,2,minecraft:clay,true,
39,Clay (water depth),#565861,86,88,97,false,9,3,minecraft:clay,false,
40,Dirt (low),#6A4C36,106,76,54,false,10,0,minecraft:dirt,true,
41,Dirt (level),#825E42,130,94,66,false,10,1,minecraft:dirt,true,
42,Dirt (high),#976D4D,151,109,77,false,10,2,minecraft:dirt,true,
43,Dirt (water depth),#4F3928,79,57,40,false,10,3,minecraft:dirt,false,
44,Stone (low),#4F4F4F,79,79,79,false,11,0,minecraft:stone,true,
45,Stone (level),#606060,96,96,96,false,11,1,minecraft:stone,true,
46,Stone (high),#707070,112,112,112,false,11,2,minecraft:stone,true,
47,Stone (water depth),#3B3B3B,59,59,59,false,11,3,minecraft:stone,false,
48,Water (low),#2D2DB4,45,45,180,false,12,0,minecraft:water,false,"Water shades by depth, not by height difference — it does not staircase."
49,Water (level),#3737DC,55,55,220,false,12,1,minecraft:water,false,"Water shades by depth, not by height difference — it does not staircase."
50,Water (high),#4040FF,64,64,255,false,12,2,minecraft:water,false,"Water shades by depth, not by height difference — it does not staircase."
51,Water (water depth),#212187,33,33,135,false,12,3,minecraft:water,false,"Water shades by depth, not by height difference — it does not staircase."
52,Wood (low),#645432,100,84,50,false,13,0,minecraft:oak_planks,true,Flammable.
53,Wood (level),#7B663E,123,102,62,false,13,1,minecraft:oak_planks,true,Flammable.
54,Wood (high),#8F7748,143,119,72,false,13,2,minecraft:oak_planks,true,Flammable.
55,Wood (water depth),#4B3F26,75,63,38,false,13,3,minecraft:oak_planks,false,Flammable.
56,Quartz (low),#B4B1AC,180,177,172,false,14,0,minecraft:quartz_block,true,
57,Quartz (level),#DCD9D3,220,217,211,false,14,1,minecraft:quartz_block,true,
58,Quartz (high),#FFFCF5,255,252,245,false,14,2,minecraft:quartz_block,true,
59,Quartz (water depth),#878581,135,133,129,false,14,3,minecraft:quartz_block,false,
60,Orange (low),#985924,152,89,36,false,15,0,minecraft:orange_concrete,true,
61,Orange (level),#BA6D2C,186,109,44,false,15,1,minecraft:orange_concrete,true,
62,Orange (high),#D87F33,216,127,51,false,15,2,minecraft:orange_concrete,true,
63,Orange (water depth),#72431B,114,67,27,false,15,3,minecraft:orange_concrete,false,
64,Magenta (low),#7D3598,125,53,152,false,16,0,minecraft:magenta_concrete,true,
65,Magenta (level),#9941BA,153,65,186,false,16,1,minecraft:magenta_concrete,true,
66,Magenta (high),#B24CD8,178,76,216,false,16,2,minecraft:magenta_concrete,true,
67,Magenta (water depth),#5E2872,94,40,114,false,16,3,minecraft:magenta_concrete,false,
68,Light Blue (low),#486C98,72,108,152,false,17,0,minecraft:light_blue_concrete,true,
69,Light Blue (level),#5884BA,88,132,186,false,17,1,minecraft:light_blue_concrete,true,
70,Light Blue (high),#6699D8,102,153,216,false,17,2,minecraft:light_blue_concrete,true,
71,Light Blue (water depth),#365172,54,81,114,false,17,3,minecraft:light_blue_concrete,false,
72,Yellow (low),#A1A124,161,161,36,false,18,0,minecraft:yellow_concrete,true,
73,Yellow (level),#C5C52C,197,197,44,false,18,1,minecraft:yellow_concrete,true,
74,Yellow (high),#E5E533,229,229,51,false,18,2,minecraft:yellow_concrete,true,
75,Yellow (water depth),#79791B,121,121,27,false,18,3,minecraft:yellow_concrete,false,
76,Light Green (low),#599011,89,144,17,false,19,0,minecraft:lime_concrete,true,
77,Light Green (level),#6DB015,109,176,21,false,19,1,minecraft:lime_concrete,true,
78,Light Green (high),#7FCC19,127,204,25,false,19,2,minecraft:lime_concrete,true,
79,Light Green (water depth),#436C0D,67,108,13,false,19,3,minecraft:lime_concrete,false,
80,Pink (low),#AA5974,170,89,116,false,20,0,minecraft:pink_concrete,true,
81,Pink (level),#D06D8E,208,109,142,false,20,1,minecraft:pink_concrete,true,
82,Pink (high),#F27FA5,242,127,165,false,20,2,minecraft:pink_concrete,true,
83,Pink (water depth),#804357,128,67,87,false,20,3,minecraft:pink_concrete,false,
84,Gray (low),#353535,53,53,53,false,21,0,minecraft:gray_concrete,true,
85,Gray (level),#414141,65,65,65,false,21,1,minecraft:gray_concrete,true,
86,Gray (high),#4C4C4C,76,76,76,false,21,2,minecraft:gray_concrete,true,
87,Gray (water depth),#282828,40,40,40,false,21,3,minecraft:gray_concrete,false,
88,Light Gray (low),#6C6C6C,108,108,108,false,22,0,minecraft:light_gray_concrete,true,
89,Light Gray (level),#848484,132,132,132,false,22,1,minecraft:light_gray_concrete,true,
90,Light Gray (high),#999999,153,153,153,false,22,2,minecraft:light_gray_concrete,true,
91,Light Gray (water depth),#515151,81,81,81,false,22,3,minecraft:light_gray_concrete,false,
92,Cyan (low),#35596C,53,89,108,false,23,0,minecraft:cyan_concrete,true,
93,Cyan (level),#416D84,65,109,132,false,23,1,minecraft:cyan_concrete,true,
94,Cyan (high),#4C7F99,76,127,153,false,23,2,minecraft:cyan_concrete,true,
95,Cyan (water depth),#284351,40,67,81,false,23,3,minecraft:cyan_concrete,false,
96,Purple (low),#592C7D,89,44,125,false,24,0,minecraft:purple_concrete,true,
97,Purple (level),#6D3699,109,54,153,false,24,1,minecraft:purple_concrete,true,
98,Purple (high),#7F3FB2,127,63,178,false,24,2,minecraft:purple_concrete,true,
99,Purple (water depth),#43215E,67,33,94,false,24,3,minecraft:purple_concrete,false,
100,Blue (low),#24357D,36,53,125,false,25,0,minecraft:blue_concrete,true,
101,Blue (level),#2C4199,44,65,153,false,25,1,minecraft:blue_concrete,true,
102,Blue (high),#334CB2,51,76,178,false,25,2,minecraft:blue_concrete,true,
103,Blue (water depth),#1B285E,27,40,94,false,25,3,minecraft:blue_concrete,false,
104,Brown (low),#483524,72,53,36,false,26,0,minecraft:brown_concrete,true,
105,Brown (level),#58412C,88,65,44,false,26,1,minecraft:brown_concrete,true,
106,Brown (high),#664C33,102,76,51,false,26,2,minecraft:brown_concrete,true,
107,Brown (water depth),#36281B,54,40,27,false,26,3,minecraft:brown_concrete,false,
108,Green (low),#485924,72,89,36,false,27,0,minecraft:green_concrete,true,
109,Green (level),#586D2C,88,109,44,false,27,1,minecraft:green_concrete,true,
110,Green (high),#667F33,102,127,51,false,27,2,minecraft:green_concrete,true,
111,Green (water depth),#36431B,54,67,27,false,27,3,minecraft:green_concrete,false,
112,Red (low),#6C2424,108,36,36,false,28,0,minecraft:red_concrete,true,
113,Red (level),#842C2C,132,44,44,false,28,1,minecraft:red_concrete,true,
114,Red (high),#993333,153,51,51,false,28,2,minecraft:red_concrete,true,
115,Red (water depth),#511B1B,81,27,27,false,28,3,minecraft:red_concrete,false,
116,Black (low),#111111,17,17,17,false,29,0,minecraft:black_concrete,true,
117,Black (level),#151515,21,21,21,false,29,1,minecraft:black_concrete,true,
118,Black (high),#191919,25,25,25,false,29,2,minecraft:black_concrete,true,
119,Black (water depth),#0D0D0D,13,13,13,false,29,3,minecraft:black_concrete,false,
120,Gold (low),#B0A836,176,168,54,false,30,0,minecraft:gold_block,true,
121,Gold (level),#D7CD42,215,205,66,false,30,1,minecraft:gold_block,true,
122,Gold (high),#FAEE4D,250,238,77,false,30,2,minecraft:gold_block,true,
123,Gold (water depth),#847E28,132,126,40,false,30,3,minecraft:gold_block,false,
124,Diamond (low),#409A96,64,154,150,false,31,0,minecraft:diamond_block,true,
125,Diamond (level),#4FBCB7,79,188,183,false,31,1,minecraft:diamond_block,true,
126,Diamond (high),#5CDBD5,92,219,213,false,31,2,minecraft:diamond_block,true,
127,Diamond (water depth),#307370,48,115,112,false,31,3,minecraft:diamond_block,false,
128,Lapis (low),#345AB4,52,90,180,false,32,0,minecraft:lapis_block,true,
129,Lapis (level),#3F6EDC,63,110,220,false,32,1,minecraft:lapis_block,true,
130,Lapis (high),#4A80FF,74,128,255,false,32,2,minecraft:lapis_block,true,
131,Lapis (water depth),#274387,39,67,135,false,32,3,minecraft:lapis_block,false,
132,Emerald (low),#009928,0,153,40,false,33,0,minecraft:emerald_block,true,
133,Emerald (level),#00BB32,0,187,50,false,33,1,minecraft:emerald_block,true,
134,Emerald (high),#00D93A,0,217,58,false,33,2,minecraft:emerald_block,true,
135,Emerald (water depth),#00721E,0,114,30,false,33,3,minecraft:emerald_block,false,
136,Podzol (low),#5B3C22,91,60,34,false,34,0,minecraft:podzol,true,
137,Podzol (level),#6F4A2A,111,74,42,false,34,1,minecraft:podzol,true,
138,Podzol (high),#815631,129,86,49,false,34,2,minecraft:podzol,true,
139,Podzol (water depth),#442D19,68,45,25,false,34,3,minecraft:podzol,false,
140,Nether (low),#4F0100,79,1,0,false,35,0,minecraft:netherrack,true,
141,Nether (level),#600100,96,1,0,false,35,1,minecraft:netherrack,true,
142,Nether (high),#700200,112,2,0,false,35,2,minecraft:netherrack,true,
143,Nether (water depth),#3B0100,59,1,0,false,35,3,minecraft:netherrack,false,
144,Terracotta White (low),#937C71,147,124,113,false,36,0,minecraft:white_terracotta,true,
145,Terracotta White (level),#B4988A,180,152,138,false,36,1,minecraft:white_terracotta,true,
146,Terracotta White (high),#D1B1A1,209,177,161,false,36,2,minecraft:white_terracotta,true,
147,Terracotta White (water depth),#6E5D55,110,93,85,false,36,3,minecraft:white_terracotta,false,
148,Terracotta Orange (low),#703919,112,57,25,false,37,0,minecraft:orange_terracotta,true,
149,Terracotta Orange (level),#89461F,137,70,31,false,37,1,minecraft:orange_terracotta,true,
150,Terracotta Orange (high),#9F5224,159,82,36,false,37,2,minecraft:orange_terracotta,true,
151,Terracotta Orange (water depth),#542B13,84,43,19,false,37,3,minecraft:orange_terracotta,false,
152,Terracotta Magenta (low),#693D4C,105,61,76,false,38,0,minecraft:magenta_terracotta,true,
153,Terracotta Magenta (level),#804B5D,128,75,93,false,38,1,minecraft:magenta_terracotta,true,
154,Terracotta Magenta (high),#95576C,149,87,108,false,38,2,minecraft:magenta_terracotta,true,
155,Terracotta Magenta (water depth),#4E2E39,78,46,57,false,38,3,minecraft:magenta_terracotta,false,
156,Terracotta Light Blue (low),#4F4C61,79,76,97,false,39,0,minecraft:light_blue_terracotta,true,
157,Terracotta Light Blue (level),#605D77,96,93,119,false,39,1,minecraft:light_blue_terracotta,true,
158,Terracotta Light Blue (high),#706C8A,112,108,138,false,39,2,minecraft:light_blue_terracotta,true,
159,Terracotta Light Blue (water depth),#3B3949,59,57,73,false,39,3,minecraft:light_blue_terracotta,false,
160,Terracotta Yellow (low),#835D19,131,93,25,false,40,0,minecraft:yellow_terracotta,true,
161,Terracotta Yellow (level),#A0721F,160,114,31,false,40,1,minecraft:yellow_terracotta,true,
162,Terracotta Yellow (high),#BA8524,186,133,36,false,40,2,minecraft:yellow_terracotta,true,
163,Terracotta Yellow (water depth),#624613,98,70,19,false,40,3,minecraft:yellow_terracotta,false,
164,Terracotta Light Green (low),#485225,72,82,37,false,41,0,minecraft:lime_terracotta,true,
165,Terracotta Light Green (level),#58642D,88,100,45,false,41,1,minecraft:lime_terracotta,true,
166,Terracotta Light Green (high),#677535,103,117,53,false,41,2,minecraft:lime_terracotta,true,
167,Terracotta Light Green (water depth),#363D1C,54,61,28,false,41,3,minecraft:lime_terracotta,false,
168,Terracotta Pink (low),#703637,112,54,55,false,42,0,minecraft:pink_terracotta,true,
169,Terracotta Pink (level),#8A4243,138,66,67,false,42,1,minecraft:pink_terracotta,true,
170,Terracotta Pink (high),#A04D4E,160,77,78,false,42,2,minecraft:pink_terracotta,true,
171,Terracotta Pink (water depth),#542829,84,40,41,false,42,3,minecraft:pink_terracotta,false,
172,Terracotta Gray (low),#281C18,40,28,24,false,43,0,minecraft:gray_terracotta,true,
173,Terracotta Gray (level),#31231E,49,35,30,false,43,1,minecraft:gray_terracotta,true,
174,Terracotta Gray (high),#392923,57,41,35,false,43,2,minecraft:gray_terracotta,true,
175,Terracotta Gray (water depth),#1E1512,30,21,18,false,43,3,minecraft:gray_terracotta,false,
176,Terracotta Light Gray (low),#5F4B45,95,75,69,false,44,0,minecraft:light_gray_terracotta,true,
177,Terracotta Light Gray (level),#745C54,116,92,84,false,44,1,minecraft:light_gray_terracotta,true,
178,Terracotta Light Gray (high),#876B62,135,107,98,false,44,2,minecraft:light_gray_terracotta,true,
179,Terracotta Light Gray (water depth),#473833,71,56,51,false,44,3,minecraft:light_gray_terracotta,false,
180,Terracotta Cyan (low),#3D4040,61,64,64,false,45,0,minecraft:cyan_terracotta,true,
181,Terracotta Cyan (level),#4B4F4F,75,79,79,false,45,1,minecraft:cyan_terracotta,true,
182,Terracotta Cyan (high),#575C5C,87,92,92,false,45,2,minecraft:cyan_terracotta,true,
183,Terracotta Cyan (water depth),#2E3030,46,48,48,false,45,3,minecraft:cyan_terracotta,false,
184,Terracotta Purple (low),#56333E,86,51,62,false,46,0,minecraft:purple_terracotta,true,
185,Terracotta Purple (level),#693E4B,105,62,75,false,46,1,minecraft:purple_terracotta,true,
186,Terracotta Purple (high),#7A4958,122,73,88,false,46,2,minecraft:purple_terracotta,true,
187,Terracotta Purple (water depth),#40262E,64,38,46,false,46,3,minecraft:purple_terracotta,false,
188,Terracotta Blue (low),#352B40,53,43,64,false,47,0,minecraft:blue_terracotta,true,
189,Terracotta Blue (level),#41354F,65,53,79,false,47,1,minecraft:blue_terracotta,true,
190,Terracotta Blue (high),#4C3E5C,76,62,92,false,47,2,minecraft:blue_terracotta,true,
191,Terracotta Blue (water depth),#282030,40,32,48,false,47,3,minecraft:blue_terracotta,false,
192,Terracotta Brown (low),#352318,53,35,24,false,48,0,minecraft:brown_terracotta,true,
193,Terracotta Brown (level),#412B1E,65,43,30,false,48,1,minecraft:brown_terracotta,true,
194,Terracotta Brown (high),#4C3223,76,50,35,false,48,2,minecraft:brown_terracotta,true,
195,Terracotta Brown (water depth),#281A12,40,26,18,false,48,3,minecraft:brown_terracotta,false,
196,Terracotta Green (low),#35391D,53,57,29,false,49,0,minecraft:green_terracotta,true,
197,Terracotta Green (level),#414624,65,70,36,false,49,1,minecraft:green_terracotta,true,
198,Terracotta Green (high),#4C522A,76,82,42,false,49,2,minecraft:green_terracotta,true,
199,Terracotta Green (water depth),#282B16,40,43,22,false,49,3,minecraft:green_terracotta,false,
200,Terracotta Red (low),#642A20,100,42,32,false,50,0,minecraft:red_terracotta,true,
201,Terracotta Red (level),#7A3327,122,51,39,false,50,1,minecraft:red_terracotta,true,
202,Terracotta Red (high),#8E3C2E,142,60,46,false,50,2,minecraft:red_terracotta,true,
203,Terracotta Red (water depth),#4B1F18,75,31,24,false,50,3,minecraft:red_terracotta,false,
204,Terracotta Black (low),#1A0F0B,26,15,11,false,51,0,minecraft:black_terracotta,true,
205,Terracotta Black (level),#1F120D,31,18,13,false,51,1,minecraft:black_terracotta,true,
206,Terracotta Black (high),#251610,37,22,16,false,51,2,minecraft:black_terracotta,true,
207,Terracotta Black (water depth),#130B08,19,11,8,false,51,3,minecraft:black_terracotta,false,
208,Crimson Nylium (low),#852122,133,33,34,false,52,0,minecraft:crimson_nylium,true,
209,Crimson Nylium (level),#A3292A,163,41,42,false,52,1,minecraft:crimson_nylium,true,
210,Crimson Nylium (high),#BD3031,189,48,49,false,52,2,minecraft:crimson_nylium,true,
211,Crimson Nylium (water depth),#641919,100,25,25,false,52,3,minecraft:crimson_nylium,false,
212,Crimson Stem (low),#682C44,104,44,68,false,53,0,minecraft:crimson_planks,true,
213,Crimson Stem (level),#7F3653,127,54,83,false,53,1,minecraft:crimson_planks,true,
214,Crimson Stem (high),#943F61,148,63,97,false,53,2,minecraft:crimson_planks,true,
215,Crimson Stem (water depth),#4E2133,78,33,51,false,53,3,minecraft:crimson_planks,false,
216,Crimson Hyphae (low),#401114,64,17,20,false,54,0,minecraft:crimson_hyphae,true,
217,Crimson Hyphae (level),#4F1519,79,21,25,false,54,1,minecraft:crimson_hyphae,true,
218,Crimson Hyphae (high),#5C191D,92,25,29,false,54,2,minecraft:crimson_hyphae,true,
219,Crimson Hyphae (water depth),#300D0F,48,13,15,false,54,3,minecraft:crimson_hyphae,false,
220,Warped Nylium (low),#0F585E,15,88,94,false,55,0,minecraft:warped_nylium,true,
221,Warped Nylium (level),#126C73,18,108,115,false,55,1,minecraft:warped_nylium,true,
222,Warped Nylium (high),#167E86,22,126,134,false,55,2,minecraft:warped_nylium,true,
223,Warped Nylium (water depth),#0B4246,11,66,70,false,55,3,minecraft:warped_nylium,false,
224,Warped Stem (low),#286462,40,100,98,false,56,0,minecraft:warped_planks,true,
225,Warped Stem (level),#327A78,50,122,120,false,56,1,minecraft:warped_planks,true,
226,Warped Stem (high),#3A8E8C,58,142,140,false,56,2,minecraft:warped_planks,true,
227,Warped Stem (water depth),#1E4B4A,30,75,74,false,56,3,minecraft:warped_planks,false,
228,Warped Hyphae (low),#3C1F2B,60,31,43,false,57,0,minecraft:warped_hyphae,true,
229,Warped Hyphae (level),#4A2535,74,37,53,false,57,1,minecraft:warped_hyphae,true,
230,Warped Hyphae (high),#562C3E,86,44,62,false,57,2,minecraft:warped_hyphae,true,
231,Warped Hyphae (water depth),#2D1720,45,23,32,false,57,3,minecraft:warped_hyphae,false,
232,Warped Wart Block (low),#0E7F5D,14,127,93,false,58,0,minecraft:warped_wart_block,true,
233,Warped Wart Block (level),#119B72,17,155,114,false,58,1,minecraft:warped_wart_block,true,
234,Warped Wart Block (high),#14B485,20,180,133,false,58,2,minecraft:warped_wart_block,true,
235,Warped Wart Block (water depth),#0A5F46,10,95,70,false,58,3,minecraft:warped_wart_block,false,
236,Deepslate (low),#464646,70,70,70,false,59,0,minecraft:deepslate,true,
237,Deepslate (level),#565656,86,86,86,false,59,1,minecraft:deepslate,true,
238,Deepslate (high),#646464,100,100,100,false,59,2,minecraft:deepslate,true,
239,Deepslate (water depth),#343434,52,52,52,false,59,3,minecraft:deepslate,false,
240,Raw Iron (low),#987B67,152,123,103,false,60,0,minecraft:raw_iron_block,true,
241,Raw Iron (level),#BA967E,186,150,126,false,60,1,minecraft:raw_iron_block,true,
242,Raw Iron (high),#D8AF93,216,175,147,false,60,2,minecraft:raw_iron_block,true,
243,Raw Iron (water depth),#725C4D,114,92,77,false,60,3,minecraft:raw_iron_block,false,
244,Glow Lichen (low),#597569,89,117,105,false,61,0,minecraft:glow_lichen,true,"Glow lichen is a thin block placed on a surface, not a solid cube."
245,Glow Lichen (level),#6D9081,109,144,129,false,61,1,minecraft:glow_lichen,true,"Glow lichen is a thin block placed on a surface, not a solid cube."
246,Glow Lichen (high),#7FA796,127,167,150,false,61,2,minecraft:glow_lichen,true,"Glow lichen is a thin block placed on a surface, not a solid cube."
247,Glow Lichen (water depth),#43584F,67,88,79,false,61,3,minecraft:glow_lichen,false,"Glow lichen is a thin block placed on a surface, not a solid cube."
