code,name,hex,r,g,b,discontinued,sku
P01,White,#EAEFEE,234,239,238,false,80-19001
P02,Creme,#E1E2BB,225,226,187,false,80-19002
P03,Yellow,#E7CE3E,231,206,62,false,80-19003
P04,Orange,#EB7B31,235,123,49,false,80-19004
P05,Red,#B0353C,176,53,60,false,80-19005
P06,Bubblegum,#D8729A,216,114,154,false,80-19006
P07,Purple,#684B86,104,75,134,false,80-19007
P08,Dark Blue,#0E5092,14,80,146,false,80-19008
P09,Light Blue,#278CC9,39,140,201,false,80-19009
P10,Dark Green,#007B4E,0,123,78,false,80-19010
P11,Light Green,#18C7B1,24,199,177,false,80-19011
P12,Brown,#674C44,103,76,68,false,80-19012
P17,Grey,#909497,144,148,151,false,80-19017
P18,Black,#323234,50,50,52,false,80-19018
P20,Rust,#995043,153,80,67,false,80-19020
P21,Light Brown,#936848,147,104,72,false,80-19021
P33,Peach,#E9BFB9,233,191,185,false,80-19033
P35,Tan,#C5AC90,197,172,144,false,80-19035
P38,Magenta,#E04284,224,66,132,false,80-19038
P52,Pastel Blue,#4A9CCF,74,156,207,false,80-19052
P53,Pastel Green,#6DCC94,109,204,148,false,80-19053
P54,Pastel Lavender,#937FBF,147,127,191,false,80-19054
P56,Pastel Yellow,#E9E290,233,226,144,false,80-19056
P57,Cheddar,#FBB146,251,177,70,false,80-19057
P58,Toothpaste,#96D1D4,150,209,212,false,80-19058
P59,Hot Coral,#DD595B,221,89,91,false,80-19059
P60,Plum,#A75D9D,167,93,157,false,80-19060
P61,Kiwi Lime,#69B845,105,184,69,false,80-19061
P62,Turquoise,#0098C5,0,152,197,false,80-19062
P63,Blush,#F99297,249,146,151,false,80-19063
P70,Periwinkle Blue,#6683B7,102,131,183,false,80-19070
P79,Light Pink,#E1BCCE,225,188,206,false,80-19079
P80,Green,#4DAB64,77,171,100,false,80-19080
P83,Pink,#D45496,212,84,150,false,80-19083
P88,Raspberry,#983864,152,56,100,false,80-19088
P90,Butterscotch,#DA9964,218,153,100,false,80-19090
P91,Parrot Green,#009188,0,145,136,false,80-19091
P92,Dark Grey,#585C61,88,92,97,false,80-19092
P93,Blueberry Creme,#85A8E3,133,168,227,false,80-19093
P96,Cranapple,#843947,132,57,71,false,80-19096
P97,Prickly Pear,#BBC938,187,201,56,false,80-19097
P98,Sand,#E5BE9E,229,190,158,false,80-19098
C01,Evergreen,#305545,48,85,69,false,80-15179
C03,Light Grey,#B3BAB8,179,186,184,false,80-15181
C04,Lavender,#AF9FCE,175,159,206,false,80-15182
C05,Shamrock,#008F53,0,143,83,false,80-15199
C06,Cobalt,#0065B1,0,101,177,false,80-15200
C07,Midnight,#2F3C55,47,60,85,false,80-15201
C08,Robin's Egg,#A9CDD5,169,205,213,false,80-15202
C09,Flamingo,#F2AFB7,242,175,183,false,80-15203
C10,Salmon,#E1747A,225,116,122,false,80-15204
C11,Fawn,#C9A385,201,163,133,false,80-15205
C12,Pewter,#94A19D,148,161,157,false,80-15206
C13,Charcoal,#4F595A,79,89,90,false,80-15207
C14,Toasted Marshmallow,#DEDACE,222,218,206,false,80-15208
C16,Orchid,#B1628E,177,98,142,false,80-15210
C17,Tomato,#D14337,209,67,55,false,80-15211
C18,Spice,#D9593A,217,89,58,false,80-15212
C19,Apricot,#F5A168,245,161,104,false,80-15213
C20,Sherbet,#D8E47C,216,228,124,false,80-15214
C21,Mist,#93B0BD,147,176,189,false,80-15215
C22,Sky,#4AC0D8,74,192,216,false,80-15216
C23,Lagoon,#00A4AC,0,164,172,false,80-15217
C24,Teal,#047F8A,4,127,138,false,80-15218
C25,Fern,#7F971A,127,151,26,false,80-15219
C26,Olive,#696E31,105,110,49,false,80-15220
C40,Mint,#B3EED5,179,238,213,false,80-15240
C41,Sour Apple,#A3DE6F,163,222,111,false,80-15241
C42,Cotton Candy,#F479B0,244,121,176,false,80-15242
C43,Grape,#503B9C,80,59,156,false,80-15243
C44,Rose,#D25D72,210,93,114,false,80-15244
C45,Iris,#4E56A3,78,86,163,false,80-15245
C46,Tangerine,#FD5918,253,89,24,false,80-15246
C47,Forest,#005D57,0,93,87,false,80-15247
C48,Eggplant,#6F3255,111,50,85,false,80-15248
C49,Honey,#DA8C2C,218,140,44,false,80-15249
C50,Gingerbread,#7E5446,126,84,70,false,80-15250
C51,Thistle,#8C8CA7,140,140,167,false,80-15251
C52,Slate Blue,#5E6D7B,94,109,123,false,80-15252
C53,Denim,#4C6388,76,99,136,false,80-15253
C54,Sage,#9AA98E,154,169,142,false,80-15254
C55,Orange Cream,#EFB79B,239,183,155,false,80-15255
C56,Fruit Punch,#CA3B65,202,59,101,false,80-15256
C57,Fuchsia,#CB59B9,203,89,185,false,80-15257
C58,Mulberry,#714875,113,72,117,false,80-15258
C59,Slime,#C8C85C,200,200,92,false,80-15259
C60,Stone,#988C8C,152,140,140,false,80-15260
C61,Dark Spruce,#14313B,20,49,59,false,80-15261
C62,Cocoa,#392928,57,41,40,false,80-15262
C65,Twilight Plum,#C685B1,198,133,177,false,80-15265
C66,Caribbean Sea,#6CC8AD,108,200,173,false,80-15266
C67,Frosted Lilac,#CDB7C3,205,183,195,false,80-15267
C73,Brick,#FC9574,252,149,116,false,80-15273
C74,Rich Butter,#F6CA69,246,202,105,false,80-15274
C75,Peacock,#0090AC,0,144,172,false,80-15275
C76,Carnation Pink,#F8C7C9,248,199,201,false,80-15276
C77,Cherry,#9D2B3A,157,43,58,false,80-15961
N01,Neon Blue,#406AE1,64,106,225,false,80-15089
C68,Sunflower,#DEBA0B,222,186,11,false,80-15268
C69,Lemon,#F6D901,246,217,1,false,80-15269
C63,Celery,#BED4A6,190,212,166,false,80-15263
C39,Mocha,#C8B693,200,182,147,false,80-15239
C72,Coral,#FF9A8B,255,154,139,false,80-15272
